Id,Nome,Cognome,Società,N°recapiti,Creazione,Update
54,Marco,Gallo,Netflix,0,16/01/2023 16:26,16/01/2023 16:26
55,Mario,De Luca,Google,0,16/01/2023 16:26,16/01/2023 16:26
56,Giorgio,Esposito,Meta,0,16/01/2023 16:26,16/01/2023 16:26
57,David,Fontana,Google,0,16/01/2023 16:26,16/01/2023 16:26
58,Giulia,Bruno,Apple,0,16/01/2023 16:26,16/01/2023 16:26
59,Elisa,Fontana,Meta,0,16/01/2023 16:26,16/01/2023 16:26
60,Luca,De Luca,Meta,0,16/01/2023 16:26,16/01/2023 16:26
61,Marco,Rossi,Google,0,16/01/2023 16:26,16/01/2023 16:26
62,David,Esposito,Meta,0,16/01/2023 16:26,16/01/2023 16:26
63,Giorgio,Ricci,Apple,0,16/01/2023 16:26,16/01/2023 16:26
64,Loris,Esposito,Amazon,0,16/01/2023 16:26,16/01/2023 16:26
65,Giorgio,Moretti,Netflix,0,16/01/2023 16:26,16/01/2023 16:26
66,Giulia,De Luca,Amazon,0,16/01/2023 16:26,16/01/2023 16:26
67,Leonardo,Bruno,Amazon,0,16/01/2023 16:26,16/01/2023 16:26
68,Luca,Bruno,Netflix,0,16/01/2023 16:26,16/01/2023 16:26
69,Alessandro,Gallo,Google,0,16/01/2023 16:26,16/01/2023 16:26
70,Marco,Rizzo,Amazon,0,16/01/2023 16:26,16/01/2023 16:26
71,Alessandro,Greco,Google,0,16/01/2023 16:26,16/01/2023 16:26
72,Luca,Barbieri,Amazon,0,16/01/2023 16:26,16/01/2023 16:26
73,Matteo,Lombardi,Amazon,0,16/01/2023 16:26,16/01/2023 16:26
74,Diego,Greco,Apple,0,16/01/2023 16:26,16/01/2023 16:26
75,Lorenzo,Morelli,Amazon,0,16/01/2023 16:26,16/01/2023 16:26
76,Cristiano,Moretti,Meta,0,16/01/2023 16:26,16/01/2023 16:26
77,Loris,Barbieri,Apple,0,16/01/2023 16:26,16/01/2023 16:26
78,Alessandro,Conti,Apple,0,16/01/2023 16:26,16/01/2023 16:26
79,Giulia,Lombardi,Amazon,0,16/01/2023 16:26,16/01/2023 16:26
80,Marco,Lombardi,Netflix,0,16/01/2023 16:26,16/01/2023 16:26
81,Bianca,Gallo,Google,0,16/01/2023 16:26,16/01/2023 16:26
82,Gabriele,Lombardi,Apple,0,16/01/2023 16:26,16/01/2023 16:26
83,Alessia,Russo,Apple,0,16/01/2023 16:26,16/01/2023 16:26
84,Lorenzo,Ferrari,Google,0,16/01/2023 16:26,16/01/2023 16:26
85,Bianca,Marino,Netflix,0,16/01/2023 16:26,16/01/2023 16:26
86,Matteo,Rossi,Apple,0,16/01/2023 16:26,16/01/2023 16:26
87,Francesco,Ricci,Google,0,16/01/2023 16:26,16/01/2023 16:26
88,Leonardo,Marino,Amazon,0,16/01/2023 16:26,16/01/2023 16:26
89,Matteo,Greco,Meta,0,16/01/2023 16:26,16/01/2023 16:26
90,Diego,Greco,Meta,0,16/01/2023 16:26,16/01/2023 16:26
91,Luca,Rizzo,Amazon,0,16/01/2023 16:26,16/01/2023 16:26
92,Francesco,Greco,Google,0,16/01/2023 16:26,16/01/2023 16:26
93,Loris,Barbieri,Netflix,0,16/01/2023 16:26,16/01/2023 16:26
94,Gabriele,Bianchi,Apple,0,16/01/2023 16:26,16/01/2023 16:26
95,Diego,De Luca,Amazon,0,16/01/2023 16:26,16/01/2023 16:26
96,Francesco,Bianchi,Meta,0,16/01/2023 16:26,16/01/2023 16:26
97,Diego,Ricci,Meta,0,16/01/2023 16:26,16/01/2023 16:26
98,Cristiano,Greco,Netflix,0,16/01/2023 16:26,16/01/2023 16:26
99,Alessia,Fontana,Google,0,16/01/2023 16:26,16/01/2023 16:26
100,Matteo,Barbieri,Netflix,0,16/01/2023 16:26,16/01/2023 16:26
101,Lorenzo,Ferrari,Meta,0,16/01/2023 16:26,16/01/2023 16:26
102,Alessandro,Rizzo,Netflix,0,16/01/2023 16:26,16/01/2023 16:26
103,Gabriele,Russo,Apple,0,16/01/2023 16:26,16/01/2023 16:26