Id,Nome,Cognome,Società,N°recapiti,Creazione,Update
1,Loriss,Bejdo,Netflix,3,16/01/2023 16:20,27/01/2023 12:15
2,Alessia,Barbieri,Meta,0,16/01/2023 16:20,16/01/2023 16:20
3,Elisa,Morelli,Amazon,0,16/01/2023 16:20,16/01/2023 16:20
4,Francesco,Marino,Google,0,16/01/2023 16:20,16/01/2023 16:20
7,Mario,Bianchi,Amazon,0,16/01/2023 16:25,16/01/2023 16:25
9,Mario,Bianchi,Apple,0,16/01/2023 16:26,16/01/2023 16:26
10,Gabriele,Rizzo,Apple,0,16/01/2023 16:26,16/01/2023 16:26
11,Diego,De Luca,Apple,0,16/01/2023 16:26,16/01/2023 16:26
12,Giorgio,Bianchi,Amazon,0,16/01/2023 16:26,16/01/2023 16:26
13,Francesco,Bruno,Google,0,16/01/2023 16:26,16/01/2023 16:26
14,Giulia,Morelli,Google,0,16/01/2023 16:26,16/01/2023 16:26
15,Alessia,Esposito,Google,0,16/01/2023 16:26,16/01/2023 16:26
16,Leonardo,Ferrari,Netflix,0,16/01/2023 16:26,16/01/2023 16:26
17,Luca,Ferrari,Apple,0,16/01/2023 16:26,16/01/2023 16:26
18,Marco,Marino,Apple,0,16/01/2023 16:26,16/01/2023 16:26
19,Diego,Russo,Amazon,0,16/01/2023 16:26,16/01/2023 16:26
20,Alessandro,Lombardi,Netflix,0,16/01/2023 16:26,16/01/2023 16:26
21,Elisa,Bruno,Amazon,0,16/01/2023 16:26,16/01/2023 16:26
22,Loris,Lombardi,Apple,0,16/01/2023 16:26,16/01/2023 16:26
23,Matteo,Esposito,Meta,0,16/01/2023 16:26,16/01/2023 16:26
24,Gabriele,Marino,Google,0,16/01/2023 16:26,16/01/2023 16:26
25,Diego,Costa,Google,0,16/01/2023 16:26,16/01/2023 16:26
26,Alessandro,Ricci,Meta,0,16/01/2023 16:26,16/01/2023 16:26
27,Lorenzo,Gallo,Amazon,0,16/01/2023 16:26,16/01/2023 16:26
28,Leonardo,Marino,Apple,0,16/01/2023 16:26,16/01/2023 16:26
29,Alessia,Russo,Meta,0,16/01/2023 16:26,16/01/2023 16:26
30,Cristiano,Conti,Amazon,0,16/01/2023 16:26,16/01/2023 16:26
31,Loris,Lombardi,Apple,0,16/01/2023 16:26,16/01/2023 16:26
32,Mario,Rizzo,Apple,0,16/01/2023 16:26,16/01/2023 16:26
33,Lorenzo,Esposito,Google,0,16/01/2023 16:26,16/01/2023 16:26
34,Marco,Ricci,Google,0,16/01/2023 16:26,16/01/2023 16:26
35,Alessandro,Esposito,Meta,0,16/01/2023 16:26,16/01/2023 16:26
36,Leonardo,Rossi,Netflix,0,16/01/2023 16:26,16/01/2023 16:26
37,Francesco,Greco,Meta,0,16/01/2023 16:26,16/01/2023 16:26
38,Mario,Rizzo,Apple,0,16/01/2023 16:26,16/01/2023 16:26
39,Lorenzo,Fontana,Meta,0,16/01/2023 16:26,16/01/2023 16:26
40,Mario,Rizzo,Amazon,0,16/01/2023 16:26,16/01/2023 16:26
41,Elisa,Fontana,Meta,0,16/01/2023 16:26,16/01/2023 16:26
42,Lorenzo,Bianchi,Google,0,16/01/2023 16:26,16/01/2023 16:26
43,Alessandro,Romano,Amazon,0,16/01/2023 16:26,16/01/2023 16:26
44,Lorenzo,De Luca,Meta,0,16/01/2023 16:26,16/01/2023 16:26
45,Loris,Rossi,Netflix,0,16/01/2023 16:26,16/01/2023 16:26
46,Giulia,Bruno,Google,0,16/01/2023 16:26,16/01/2023 16:26
47,Elisa,Gallo,Meta,0,16/01/2023 16:26,16/01/2023 16:26
48,Giulia,Barbieri,Netflix,0,16/01/2023 16:26,16/01/2023 16:26
49,Luca,Ferrari,Amazon,0,16/01/2023 16:26,16/01/2023 16:26
50,Diego,Rizzo,Amazon,0,16/01/2023 16:26,16/01/2023 16:26
51,Bianca,Marino,Google,0,16/01/2023 16:26,16/01/2023 16:26
52,Elisa,Ricci,Google,0,16/01/2023 16:26,16/01/2023 16:26
53,Marco,De Luca,Amazon,0,16/01/2023 16:26,16/01/2023 16:26